Samples,Biome,Habitat,Location,Chla_waterORflSPFluorescence,Chla_sed,Phaeop_sed,CPE_sed,POC_sed,Temperature,Salinity,O2_mglt,silt_clay,sand
ERR1906853,Lagoon,Logarou,LOout,2.94576,24.47825193,45.22996401,69.70821594,32996.00533,14.2,30.1,8.42,1.683789954,98.31621005
ERR1906854,Lagoon,Logarou,LOout,2.269613333,27.42678666,47.95925887,75.38604553,34621.30937,14.2,30.1,8.42,1.683789954,98.31621005
ERR1906855,Lagoon,Logarou,LOout,5.473773333,20.15583333,30.10866667,50.2645,24653.46535,14.2,30.1,8.42,1.683789954,98.31621005
