#SampleID,Habitat,Location,Area,LocationArea,Chla_waterORflSPFluorescence,Chla_sed,Phaeop_sed,CPE_sed,POC_sed,Temperature,Salinity,O2_mglt,silt_clay,sand
ERR0000001,River,Arachthos,Mouth,ArachthosMouth,0.433466,1.108333333,2.0615,3.169833333,11296.7581,14.1,0.2,10.24,21.32269099,78.67730901
ERR0000002,Sea,Kalamitsi,OutsideGulf,KalamitsiOutsideGulf,0.99,4.503710819,2.411885743,6.915596562,3855.693348,19.77,38.82,6.81,1.523781402,98.4762186
ERR0000003,Lagoon,Logarou,Inside,LogarouInside,1.147296,6.742082534,8.99409309,15.73617562,21320.32147,11.1,27.8,8.42,3.29439559,96.70560441
